split,rows,positives,positive_rate
train,488782,2358,0.004824236571723181
validation,114395,305,0.002666200445823681
test,84637,157,0.0018549806822075452
