model_name,display_name,config_name,threshold_strategy,threshold,pr_auc,roc_auc,precision,recall,f1,predicted_positives,precision_at_50
extra_trees,Extra Trees,et_regularized,default,0.5,0.008593422357320225,0.6067452741989963,0.0031573167383545345,0.4394904458598726,0.006269592476489028,21854,0.0
extra_trees,Extra Trees,et_regularized,best_validation,0.7838216632644488,0.008593422357320225,0.6067452741989963,0.036619718309859155,0.16560509554140126,0.05997693194925029,710,0.0
hist_gradient_boosting,Hist Gradient Boosting,hgb_base,default,0.5,0.009061710558825663,0.5930437686981277,0.004716497487952425,0.2929936305732484,0.009283551967709384,9753,0.0
hist_gradient_boosting,Hist Gradient Boosting,hgb_base,best_validation,0.9293465207512289,0.009061710558825663,0.5930437686981277,0.05089058524173028,0.12738853503184713,0.07272727272727272,393,0.0
